,max,min
0,269.62410736084064,216.83984375000006
